{
  "camera_matrix": [
    [
      806.61376953125,
      0.0,
      120.0
    ],
    [
      0.0,
      806.61376953125,
      213.0
    ],
    [
      0.0,
      0.0,
      1.0
    ]
  ],
  "dist_coeffs": [
    [
      0.0,
      0.0,
      0.0,
      0.0,
      0.0
    ]
  ],
  "focal_length": 806.6137931034483,
  "cx": 120.0,
  "cy": 213.0,
  "info": {
    "method": "auto_scene",
    "frames_used": 30,
    "samples": 29,
    "avg_motion": 23.34655172413793
  }
}